Workbook

Sheet Overview
A1: SoCal Upcoming Music Shows
A2: April 18, 2026 – October 18, 2026 | LA • Orange County • San Diego
A3: Compiled via public listings: Ticketmaster, Live Nation, AXS, SeatGeek, venue official sites
A5: Tier | B5: Segment | C5: Description | D5: Typical Get-in
A6: S | B6: Megastar / Stadium Headliners | C6: Global touring acts playing stadiums (SoFi, Dodger Stadium, BMO, Snapdragon, Intuit Dome). Biggest demand, highest get-in prices. | D6: $80 - $250+
A7: A | B7: Arena Headliners | C7: Major chart-topping acts playing Kia Forum, Crypto.com Arena, Honda Center, Pechanga Arena, and large amphitheaters (North Island, Hollywood Bowl headline nights). | D7: $40 - $150
A8: B | B8: Theater / Mid-Size Acts | C8: Respected, established acts playing Greek Theatre, Hollywood Bowl series, YouTube Theater. Includes heritage artists and indie headliners. | D8: $30 - $90
A9: C | B9: Club, Emerging & Niche | C9: Smaller venues like The Wiltern, Fonda Theatre, Belasco, and niche/genre acts at bigger venues with lower demand. | D9: $20 - $60
A11: Show counts
A12: Tier | B12: Shows | C12: Avg Get-in
A13: S | B13: =COUNTA('S Tier — Stadium'!A4:A18) -> 15 | C13: =AVERAGE('S Tier — Stadium'!H4:H18) -> 170.93333
A14: A | B14: =COUNTA('A Tier — Arena'!A4:A47) -> 44 | C14: =AVERAGE('A Tier — Arena'!H4:H47) -> 64.204545
A15: B | B15: =COUNTA('B Tier — Theater'!A4:A25) -> 22 | C15: =AVERAGE('B Tier — Theater'!H4:H25) -> 41.136364
A16: C | B16: =COUNTA('C Tier — Club & Emerging'!A4:A27) -> 24 | C16: =AVERAGE('C Tier — Club & Emerging'!H4:H27) -> 65.625
A17: TOTAL | B17: =SUM(B13:B16) -> 105 | C17: =AVERAGE(C13:C16) -> 85.474811
A19: Notes
A20: • Date window: April 18, 2026 – October 18, 2026 (next 6 months from today).
A21: • Geography: Greater Los Angeles, Orange County, and San Diego (including Inland Empire venues hosting major tours).
A22: • Get-in ($) = lowest available price at time of compile (resale marketplaces when face value unavailable). Prices move daily.
A23: • "TBD" dates are confirmed on the schedule but with day/date not publicly released when compiled.
A24: • Festivals are listed per day where passes are per-day; multi-day pass prices noted in Tour/Notes column.
A25: • Tier placement uses venue size + artist touring prominence; a heritage artist at the Bowl may be B-tier while an emerging pop act at an arena may be A-tier.
A26: • Sources: Ticketmaster, Live Nation, AXS, SeatGeek, and each venue's official site.

Sheet S Tier — Stadium
A1: Tier S: Megastar / Stadium Headliners | M1: 18
A2: Global touring acts playing stadiums & the largest venues. Highest demand, biggest production.
A3: Artist | B3: Tour / Notes | C3: Date | D3: Day | E3: Venue | F3: City | G3: Genre | H3: Get-in ($) | I3: Source | K3: Shows | L3: Value
A4: Ed Sheeran | B4: LOOP Tour | C4: 2026-08-08 | D4: Sat | E4: SoFi Stadium | F4: Inglewood | G4: Pop | H4: 75 | I4: Vivid Seats / Event Tickets Center | K4: Count | L4: =COUNTA(A4:A18) -> 15
A5: Iron Maiden | B5: Run For Your Lives (w/ Megadeth, Anthrax) | C5: 2026-09-25 | D5: Fri | E5: BMO Stadium | F5: Los Angeles | G5: Rock / Metal | H5: 90 | I5: Ticketmaster / BMO Stadium | K5: Avg get-in | L5: =AVERAGE(H4:H18) -> 170.93333
A6: Iron Maiden | B6: Run For Your Lives (w/ Megadeth, Anthrax) | C6: 2026-09-27 | D6: Sun | E6: BMO Stadium | F6: Los Angeles | G6: Rock / Metal | H6: 90 | I6: Ticketmaster / BMO Stadium | K6: Min get-in | L6: =MIN(H4:H18) -> 75
A7: Guns N' Roses | B7: 2026 World Tour | C7: 2026-09-02 | D7: Wed | E7: Snapdragon Stadium | F7: San Diego | G7: Rock | H7: 110 | I7: Snapdragon Stadium | K7: Max get-in | L7: =MAX(H4:H18) -> 549
A8: Foo Fighters w/ Gustavo Dudamel | B8: LA Phil Collaboration | C8: 2026-08-22 | D8: Sat | E8: Hollywood Bowl | F8: Los Angeles | G8: Rock / Classical | H8: 150 | I8: LA Phil / Hollywood Bowl
A9: Shakira | B9: Las Mujeres Ya No Lloran Tour | C9: 2026-06-13 | D9: Sat | E9: Intuit Dome | F9: Inglewood | G9: Latin Pop | H9: 95 | I9: Intuit Dome
A10: Shakira | B10: Las Mujeres Ya No Lloran Tour | C10: 2026-06-14 | D10: Sun | E10: Intuit Dome | F10: Inglewood | G10: Latin Pop | H10: 95 | I10: Intuit Dome
A11: P!NK | B11: Summer Carnival (w/ Sheryl Crow, The Script) | C11: 2026-TBD | D11: TBD | E11: Dodger Stadium | F11: Los Angeles | G11: Pop / Rock | H11: 120 | I11: Dodger Stadium / Ticketmaster
A12: Tyler, The Creator | B12: Camp Flog Gnaw 10th Anniversary | C12: 2026-TBD | D12: TBD | E12: Dodger Stadium | F12: Los Angeles | G12: Hip-Hop / Festival | H12: 250 | I12: Camp Flog Gnaw
A13: Coachella Valley Music & Arts Festival | B13: Weekend 2 (final day Apr 19) | C13: 2026-04-19 | D13: Sun | E13: Empire Polo Club | F13: Indio | G13: Multi-genre Festival | H13: 549 | I13: coachella.com
A14: BeachLife Festival | B14: Duran Duran, Chainsmokers, Offspring, James Taylor | C14: 2026-05-01 | D14: Fri | E14: Redondo Beach | F14: Redondo Beach | G14: Rock / Multi-genre | H14: 165 | I14: BeachLife / Live Nation
A15: BeachLife Festival | B15: Day 2 - My Morning Jacket, Joan Jett | C15: 2026-05-02 | D15: Sat | E15: Redondo Beach | F15: Redondo Beach | G15: Rock / Multi-genre | H15: 165 | I15: BeachLife / Live Nation
A16: BeachLife Festival | B16: Day 3 - Sheryl Crow, Ben Harper | C16: 2026-05-03 | D16: Sun | E16: Redondo Beach | F16: Redondo Beach | G16: Rock / Multi-genre | H16: 165 | I16: BeachLife / Live Nation
A17: Just Like Heaven Festival | B17: The Strokes, LCD Soundsystem, TV Girl, Feist | C17: 2026-05-09 | D17: Sat | E17: Brookside at Rose Bowl | F17: Pasadena | G17: Indie / Dance Festival | H17: 220 | I17: justlikeheavenfest.com
A18: Cruel World Festival | B18: Goth / New Wave (lineup TBA) | C18: 2026-05-16 | D18: Sat | E18: Brookside at Rose Bowl | F18: Pasadena | G18: Goth / New Wave Festival | H18: 225 | I18: cruelworldfest.com

Sheet A Tier — Arena
A1: Tier A: Arena Headliners | M1: 47
A2: Major acts at arenas and big amphitheaters — Kia Forum, Crypto.com Arena, Honda Center, Pechanga Arena, North Island Amphitheatre.
A3: Artist | B3: Tour / Notes | C3: Date | D3: Day | E3: Venue | F3: City | G3: Genre | H3: Get-in ($) | I3: Source | K3: Shows | L3: Value
A4: Romeo Santos & Prince Royce | B4: Mejor Tarde Que Nunca Tour | C4: 2026-05-22 | D4: Fri | E4: Honda Center | F4: Anaheim | G4: Latin / Bachata | H4: 75 | I4: Ticketmaster / Honda Center | K4: Count | L4: =COUNTA(A4:A47) -> 44
A5: Machine Gun Kelly | B5: w/ Wiz Khalifa, Beauty School Dropout | C5: 2026-05-17 | D5: Sun | E5: North Island Credit Union Amphitheatre | F5: Chula Vista | G5: Hip-Hop / Rock | H5: 45 | I5: Live Nation | K5: Avg get-in | L5: =AVERAGE(H4:H47) -> 64.204545
A6: Kesha | B6: w/ Chromeo, Sizzy Rocket | C6: 2026-05-23 | D6: Sat | E6: North Island Credit Union Amphitheatre | F6: Chula Vista | G6: Pop | H6: 40 | I6: Live Nation | K6: Min get-in | L6: =MIN(H4:H47) -> 40
A7: Pitbull | B7: w/ Lil Jon | C7: 2026-05-29 | D7: Fri | E7: North Island Credit Union Amphitheatre | F7: Chula Vista | G7: Hip-Hop / Dance | H7: 55 | I7: Live Nation | K7: Max get-in | L7: =MAX(H4:H47) -> 120
A8: MANÁ | B8: Vivir Sin Aire Tour | C8: 2026-06-05 | D8: Fri | E8: Honda Center | F8: Anaheim | G8: Latin Rock | H8: 95 | I8: Honda Center
A9: MANÁ | B9: Vivir Sin Aire Tour | C9: 2026-06-06 | D9: Sat | E9: Honda Center | F9: Anaheim | G9: Latin Rock | H9: 95 | I9: Honda Center
A10: MANÁ | B10: Vivir Sin Aire Tour | C10: 2026-10-10 | D10: Sat | E10: North Island Credit Union Amphitheatre | F10: Chula Vista | G10: Latin Rock | H10: 75 | I10: Live Nation
A11: The Pussycat Dolls | B11: w/ Lil Kim, Mya | C11: 2026-06-10 | D11: Wed | E11: North Island Credit Union Amphitheatre | F11: Chula Vista | G11: Pop | H11: 50 | I11: Live Nation
A12: Rod Stewart | B12: w/ Richard Marx | C12: 2026-06-12 | D12: Fri | E12: North Island Credit Union Amphitheatre | F12: Chula Vista | G12: Rock | H12: 70 | I12: Live Nation
A13: Summer Walker | B13: w/ Odeal | C13: 2026-06-25 | D13: Thu | E13: Crypto.com Arena | F13: Los Angeles | G13: R&B | H13: 55 | I13: Crypto.com Arena
A14: Kid Cudi | B14: w/ M.I.A., Big Boi, Dot Da Genius | C14: 2026-06-26 | D14: Fri | E14: Crypto.com Arena | F14: Los Angeles | G14: Hip-Hop | H14: 65 | I14: Crypto.com Arena
A15: Kid Cudi | B15: w/ M.I.A. | C15: 2026-06-27 | D15: Sat | E15: North Island Credit Union Amphitheatre | F15: Chula Vista | G15: Hip-Hop | H15: 55 | I15: Live Nation
A16: Don Toliver | B16: w/ SahBabii, SoFaygo, Chase B | C16: 2026-06-27 | D16: Sat | E16: Crypto.com Arena | F16: Los Angeles | G16: Hip-Hop | H16: 50 | I16: Crypto.com Arena
A17: Don Toliver | B17: Octane Tour | C17: 2026-06-30 | D17: Tue | E17: Pechanga Arena | F17: San Diego | G17: Hip-Hop | H17: 45 | I17: Pechanga Arena
A18: Rosalia | B18: Lux Tour 2026 | C18: 2026-07-03 | D18: Fri | E18: Pechanga Arena | F18: San Diego | G18: Latin / Alt-Pop | H18: 90 | I18: Pechanga Arena
A19: Chris Stapleton | B19: w/ Molly Tuttle | C19: 2026-07-10 | D19: Fri | E19: North Island Credit Union Amphitheatre | F19: Chula Vista | G19: Country | H19: 85 | I19: Live Nation
... A47: ZZ Top + Cheap Trick | B47: Classic Rock Double Bill | C47: 2026-TBD | D47: TBD | E47: Hollywood Bowl | F47: Los Angeles | G47: Rock | H47: 45 | I47: LA Phil / Hollywood Bowl

Sheet B Tier — Theater
A1: Tier B: Theater / Mid-Size Acts | M1: 25
A2: Established acts at theater-sized venues — Greek Theatre, Hollywood Bowl marquee nights, heritage artists.
A3: Artist | B3: Tour / Notes | C3: Date | D3: Day | E3: Venue | F3: City | G3: Genre | H3: Get-in ($) | I3: Source | K3: Shows | L3: Value
A4: Neil Forever: Love at The Greek | B4: Neil Young tribute show | C4: 2026-04-25 | D4: Sat | E4: Greek Theatre | F4: Los Angeles | G4: Rock | H4: 45 | I4: lagreektheatre.com | K4: Count | L4: =COUNTA(A4:A25) -> 22
A5: Ozomatli | B5: 30th Anniversary | C5: 2026-05-30 | D5: Sat | E5: Greek Theatre | F5: Los Angeles | G5: Latin / World | H5: 35 | I5: lagreektheatre.com | K5: Avg get-in | L5: =AVERAGE(H4:H25) -> 41.136364
A6: The Kid LAROI | B6: A Perfect World Tour | C6: 2026-06-06 | D6: Sat | E6: Greek Theatre | F6: Los Angeles | G6: Pop / Hip-Hop | H6: 65 | I6: lagreektheatre.com | K6: Min get-in | L6: =MIN(H4:H25) -> 35
A7: Lindsey Stirling | B7: w/ PVRIS | C7: 2026-07-30 | D7: Thu | E7: Greek Theatre | F7: Los Angeles | G7: Electronic / Violin | H7: 45 | I7: lagreektheatre.com | K7: Max get-in | L7: =MAX(H4:H25) -> 65
A8: Death Cab for Cutie | B8: w/ Nation of Language | C8: 2026-08-02 | D8: Sun | E8: Greek Theatre | F8: Los Angeles | G8: Indie Rock | H8: 50 | I8: lagreektheatre.com
A9: Death Cab for Cutie | B9: w/ Nation of Language | C9: 2026-08-03 | D9: Mon | E9: Greek Theatre | F9: Los Angeles | G9: Indie Rock | H9: 50 | I9: lagreektheatre.com
A10: Thee Sacred Souls | B10: 2026 Tour | C10: 2026-TBD | D10: TBD | E10: Greek Theatre | F10: Los Angeles | G10: Soul | H10: 45 | I10: lagreektheatre.com
A11: St. Vincent + Hollywood Bowl Orchestra | B11: Symphonic Show | C11: 2026-TBD | D11: TBD | E11: Hollywood Bowl | F11: Los Angeles | G11: Indie / Art Rock | H11: 45 | I11: LA Phil / Hollywood Bowl
A12: Jon Batiste | B12: Closing night of Bowl season | C12: 2026-09-27 | D12: Sun | E12: Hollywood Bowl | F12: Los Angeles | G12: Jazz / Soul | H12: 40 | I12: LA Phil / Hollywood Bowl
A13: Orville Peck | B13: LA Phil appearance | C13: 2026-TBD | D13: TBD | E13: Hollywood Bowl | F13: Los Angeles | G13: Country / Alt | H13: 40 | I13: LA Phil / Hollywood Bowl
A14: Lucy Dacus | B14: LA Phil appearance | C14: 2026-TBD | D14: TBD | E14: Hollywood Bowl | F14: Los Angeles | G14: Indie | H14: 35 | I14: LA Phil / Hollywood Bowl
A15: De La Soul | B15: Hip-Hop tribute night | C15: 2026-TBD | D15: TBD | E15: Hollywood Bowl | F15: Los Angeles | G15: Hip-Hop | H15: 40 | I15: LA Phil / Hollywood Bowl
A16: Adam Ant | B16: Post-Punk Icon | C16: 2026-TBD | D16: TBD | E16: Hollywood Bowl | F16: Los Angeles | G16: New Wave | H16: 35 | I16: LA Phil / Hollywood Bowl
A17: Gin Blossoms | B17: 90s Alt-Rock Night | C17: 2026-TBD | D17: TBD | E17: Hollywood Bowl | F17: Los Angeles | G17: Alt Rock | H17: 35 | I17: LA Phil / Hollywood Bowl
A18: Wyclef Jean | B18: LA Phil appearance | C18: 2026-TBD | D18: TBD | E18: Hollywood Bowl | F18: Los Angeles | G18: Hip-Hop / World | H18: 35 | I18: LA Phil / Hollywood Bowl
A19: Patti LaBelle | B19: Soul / R&B Icon | C19: 2026-TBD | D19: TBD | E19: Hollywood Bowl | F19: Los Angeles | G19: Soul / R&B | H19: 40 | I19: LA Phil / Hollywood Bowl
... A25: The Commodores | B25: Motown / Funk | C25: 2026-TBD | D25: TBD | E25: Hollywood Bowl | F25: Los Angeles | G25: Funk / R&B | H25: 35 | I25: LA Phil / Hollywood Bowl

Sheet C Tier — Club & Emerging
A1: Tier C: Club, Emerging & Niche | M1: 27
A2: Smaller venues (Wiltern, Fonda, Belasco) and niche/genre acts with more accessible pricing.
A3: Artist | B3: Tour / Notes | C3: Date | D3: Day | E3: Venue | F3: City | G3: Genre | H3: Get-in ($) | I3: Source | K3: Shows | L3: Value
A4: She Wants Revenge | B4: 2026 Reunion Tour | C4: 2026-04-23 | D4: Thu | E4: The Wiltern | F4: Los Angeles | G4: Indie Rock / Goth | H4: 40 | I4: wiltern.com | K4: Count | L4: =COUNTA(A4:A27) -> 24
A5: Alice Phoebe Lou | B5: Oblivion Tour | C5: 2026-04-24 | D5: Fri | E5: The Wiltern | F5: Los Angeles | G5: Indie / Folk | H5: 35 | I5: wiltern.com | K5: Avg get-in | L5: =AVERAGE(H4:H27) -> 65.625
A6: Cory Wong | B6: Lost in the Wonder (KCRW Presents) | C6: 2026-04-25 | D6: Sat | E6: The Wiltern | F6: Los Angeles | G6: Funk / Jazz | H6: 40 | I6: wiltern.com | K6: Min get-in | L6: =MIN(H4:H27) -> 30
A7: Bethel Music | B7: 2026 Tour | C7: 2026-04-26 | D7: Sun | E7: The Wiltern | F7: Los Angeles | G7: Christian / Worship | H7: 45 | I7: wiltern.com | K7: Max get-in | L7: =MAX(H4:H27) -> 220
A8: ANRI | B8: Live 2026 U.S.A. | C8: 2026-TBD | D8: TBD | E8: The Wiltern | F8: Los Angeles | G8: City Pop / J-Pop | H8: 55 | I8: wiltern.com
A9: Electric Callboy | B9: Tekkno World Tour | C9: 2026-04-21 | D9: Tue | E9: Kia Forum | F9: Inglewood | G9: Electronic / Metal | H9: 50 | I9: thekiaforum.com
A10: Palomazo Norteño | B10: Clase Maestra Tour (Lalo Mora, Eliseo Robles, Rosendo Cantu, Raul Hernandez) | C10: 2026-06-26 | D10: Fri | E10: Kia Forum | F10: Inglewood | G10: Regional Mexican | H10: 45 | I10: thekiaforum.com
A11: Third Day | B11: 2026 Tour | C11: 2026-04-25 | D11: Sat | E11: Pechanga Arena | F11: San Diego | G11: Christian Rock | H11: 30 | I11: Pechanga Arena
A12: Nine Inch Nails | B12: Peel It Back Tour | C12: 2026-TBD | D12: TBD | E12: Pechanga Arena | F12: San Diego | G12: Industrial Rock | H12: 60 | I12: Pechanga Arena
A13: Boys Noize | B13: Tour | C13: 2026-TBD | D13: TBD | E13: Pechanga Arena | F13: San Diego | G13: Electronic / Techno | H13: 40 | I13: Pechanga Arena
A14: Ricardo Arjona | B14: Blanco y Negro Tour | C14: 2026-TBD | D14: TBD | E14: Pechanga Arena | F14: San Diego | G14: Latin | H14: 70 | I14: Pechanga Arena
A15: TV Girl | B15: At Just Like Heaven Fest | C15: 2026-05-09 | D15: Sat | E15: Brookside at Rose Bowl | F15: Pasadena | G15: Indie / Lo-fi | H15: 220 | I15: justlikeheavenfest.com
A16: Feist | B16: At Just Like Heaven Fest | C16: 2026-05-09 | D16: Sat | E16: Brookside at Rose Bowl | F16: Pasadena | G16: Indie | H16: 220 | I16: justlikeheavenfest.com
A17: Grouplove | B17: At BeachLife Festival | C17: 2026-05-03 | D17: Sun | E17: Redondo Beach | F17: Redondo Beach | G17: Indie Rock | H17: 165 | I17: BeachLife
A18: Peach Pit | B18: At BeachLife Festival | C18: 2026-05-02 | D18: Sat | E18: Redondo Beach | F18: Redondo Beach | G18: Indie | H18: 165 | I18: BeachLife
A19: Bob Moses | B19: Hollywood Bowl appearance | C19: 2026-TBD | D19: TBD | E19: Hollywood Bowl | F19: Los Angeles | G19: Electronic / Indie | H19: 30 | I19: LA Phil / Hollywood Bowl
... A27: The English Beat | B27: LA Phil appearance | C27: 2026-TBD | D27: TBD | E27: Hollywood Bowl | F27: Los Angeles | G27: Ska / New Wave | H27: 30 | I27: LA Phil / Hollywood Bowl
